{"mean": {"calories": 569.9514961389962, "carbs": 57.65986969111969, "fat": 23.61534749034749, "protein": 29.91686776061776, "cholest": 82.33252895752896, "sodium": 737.3712596525097, "sugar": 20.981901544401545, "fiber": 6.033301158301159}, "std": {"calories": 19.033275991779742, "carbs": 6.547162660719812, "fat": 4.473921516546562, "protein": 4.818375431259857, "cholest": 11.447796506294267, "sodium": 31.317557844872915, "sugar": 4.7081826053650495, "fiber": 2.448608392557053}}